cpu,os,heap,threads,time,cputime,,
Intel(R) Core(TM) i7-10875H CPU @ 2.30GHz,linux,4,4,00:08:42,00:30:23,,
Intel(R) Core(TM) i7-10875H CPU @ 2.30GHz,linux,8,4,00:07:14,00:25:24,,
Intel(R) Core(TM) i7-10875H CPU @ 2.30GHz,linux,16,4,00:07:29,00:26:09,,
Intel(R) Core(TM) i7-10875H CPU @ 2.30GHz,linux,8,8,00:06:02,00:40:15,,
Intel(R) Core(TM) i7-10875H CPU @ 2.30GHz,linux,16,8,00:05:57,00:39:35,,
Intel(R) Core(TM) i7-10875H CPU @ 2.30GHz,linux,32,8,00:06:49,00:46:12,,
Intel(R) Core(TM) i7-10875H CPU @ 2.30GHz,linux,16,16,00:05:49,01:01:46,,
Intel(R) Core(TM) i7-10875H CPU @ 2.30GHz,linux,32,16,00:06:45,01:10:00,,
Intel(R) Core(TM) i7-7700HQ CPU @ 2.80GHz,linux,4,4,00:08:41,00:30:05,,
Intel(R) Core(TM) i7-7700HQ CPU @ 2.80GHz,linux,8,4,00:07:25,00:25:49,,
Intel(R) Core(TM) i7-7700HQ CPU @ 2.80GHz,linux,16,4,00:07:23,00:25:50,,
Intel(R) Core(TM) i7-7700HQ CPU @ 2.80GHz,linux,8,8,00:07:41,00:45:18,,
Intel(R) Core(TM) i7-7700HQ CPU @ 2.80GHz,linux,16,8,00:06:04,00:36:07,,
2x AMD EPYC 7742 64-Core Processor,linux,4,4,00:07:24,00:25:28,,
2x AMD EPYC 7742 64-Core Processor,linux,8,4,00:06:31,00:22:33,,
2x AMD EPYC 7742 64-Core Processor,linux,8,8,00:03:53,00:26:18,,
2x AMD EPYC 7742 64-Core Processor,linux,16,8,00:03:39,00:24:55,,
Intel(R) Core(TM) i5-6600K CPU @ 4.50GHz,windows,4,4,00:06:50,,,
Intel(R) Core(TM) i5-6600K CPU @ 4.50GHz,windows,8,4,00:06:10,,,
Intel(R) Core(TM) i5-6600K CPU @ 4.50GHz,windows,16,4,00:05:57,,,
2x AMD EPYC 7742 64-Core Processor,linux,32,8,00:04:02,00:26:39,,
2x AMD EPYC 7742 64-Core Processor,linux,64,8,00:04:04,00:27:18,,
2x AMD EPYC 7742 64-Core Processor,linux,16,16,00:03:31,00:42:53,,
12th Gen Intel(R) Core(TM) i7-12700K,windows,4,4,00:03:38,,,
12th Gen Intel(R) Core(TM) i7-12700K,windows,8,4,00:03:06,,,
12th Gen Intel(R) Core(TM) i7-12700K,windows,16,4,00:03:06,,,
12th Gen Intel(R) Core(TM) i7-12700K,windows,8,8,00:01:50,,,
12th Gen Intel(R) Core(TM) i7-12700K,windows,8,8,00:02:08,,,
2x AMD EPYC 7742 64-Core Processor,linux,32,16,00:03:25,00:45:42,,
2x AMD EPYC 7742 64-Core Processor,linux,64,16,00:03:19,00:40:59,,
12th Gen Intel(R) Core(TM) i7-12700K,windows,16,8,00:02:09,,,
2x AMD EPYC 7742 64-Core Processor,linux,128,16,00:03:49,00:47:37,,
2x AMD EPYC 7742 64-Core Processor,linux,256,16,00:03:38,00:46:58,,
12th Gen Intel(R) Core(TM) i7-12700K,windows,32,8,00:02:20,,,
12th Gen Intel(R) Core(TM) i7-12700K,windows,16,16,00:02:27,,,
Intel(R) Xeon(R) Platinum 8360Y CPU @ 2.40GHz,linux,4,4,00:09:41,00:33:59,,
12th Gen Intel(R) Core(TM) i7-12700K,windows,32,16,00:02:28,,,
2x AMD EPYC 7742 64-Core Processor,linux,16,32,00:10:34,02:45:54,,
Intel(R) Xeon(R) Platinum 8360Y CPU @ 2.40GHz,linux,8,4,00:09:35,00:33:26,,
Intel(R) Core(TM) i5-6600K CPU @ 4.50GHz,linux,4,4,00:06:35,00:20:15,,
Intel(R) Core(TM) i5-6600K CPU @ 4.50GHz,linux,8,4,00:05:42,00:17:23,,
Intel(R) Core(TM) i5-6600K CPU @ 4.50GHz,linux,16,4,00:05:28,00:16:37,,
2x AMD EPYC 7742 64-Core Processor,linux,32,32,00:10:09,02:02:09,,
2x AMD EPYC 7742 64-Core Processor,linux,64,32,00:09:49,01:54:14,,
Intel(R) Xeon(R) Platinum 8360Y CPU @ 2.40GHz,linux,16,4,00:08:58,00:31:46,,
Intel(R) Xeon(R) Platinum 8360Y CPU @ 2.40GHz,linux,8,8,00:05:59,00:39:39,,
AMD EPYC 7601 32-Core Processor,linux,4,4,00:10:50,00:36:52,,
Intel(R) Xeon(R) CPU E5-2699 v4 @ 2.20GHz,linux,4,4,00:09:36,00:33:17,,
Intel(R) Xeon(R) Platinum 8360Y CPU @ 2.40GHz,linux,16,8,00:06:01,00:39:26,,
AMD EPYC 7601 32-Core Processor,linux,8,4,00:09:27,00:32:41,,
Intel(R) Xeon(R) Platinum 8360Y CPU @ 2.40GHz,linux,32,8,00:06:00,00:40:36,,
2x AMD EPYC 7742 64-Core Processor,linux,128,32,00:10:05,02:04:06,,
2x AMD EPYC 7742 64-Core Processor,linux,256,32,00:10:47,02:15:50,,
Intel(R) Xeon(R) Platinum 8360Y CPU @ 2.40GHz,linux,64,8,00:06:38,00:42:42,,
Intel(R) Xeon(R) Platinum 8360Y CPU @ 2.40GHz,linux,16,16,00:06:29,01:07:16,,
2x AMD EPYC 7742 64-Core Processor,linux,512,32,00:12:27,02:52:11,,
AMD EPYC 7601 32-Core Processor,linux,16,4,00:09:33,00:33:09,,
AMD EPYC 7601 32-Core Processor,linux,8,8,00:05:55,00:40:14,,
AMD EPYC 7601 32-Core Processor,linux,16,8,00:05:58,00:40:09,,
AMD EPYC 7601 32-Core Processor,linux,32,8,00:05:52,00:40:28,,
AMD EPYC 7601 32-Core Processor,linux,64,8,00:05:59,00:40:15,,
AMD EPYC 7601 32-Core Processor,linux,16,16,00:06:00,01:10:58,,
Intel(R) Xeon(R) CPU E5-2699 v4 @ 2.20GHz,linux,8,4,00:08:30,00:30:17,,
Intel(R) Xeon(R) CPU E5-2699 v4 @ 2.20GHz,linux,16,4,00:08:19,00:29:27,,
Intel(R) Xeon(R) CPU E5-2699 v4 @ 2.20GHz,linux,8,8,00:05:32,00:35:59,,
Intel(R) Xeon(R) CPU E5-2699 v4 @ 2.20GHz,linux,16,8,00:05:25,00:35:54,,
Intel(R) Xeon(R) CPU E5-2699 v4 @ 2.20GHz,linux,32,8,00:05:49,00:38:23,,
Intel(R) Xeon(R) CPU E5-2699 v4 @ 2.20GHz,linux,64,8,00:05:43,00:37:40,,
Intel(R) Xeon(R) CPU E5-2699 v4 @ 2.20GHz,linux,16,16,00:04:56,00:47:23,,
Intel(R) Xeon(R) CPU E5-2699 v4 @ 2.20GHz,linux,32,16,00:05:19,00:52:56,,
2x AMD EPYC 7742 64-Core Processor,linux,16,64,00:32:08,07:53:14,,
Intel(R) Xeon(R) Platinum 8360Y CPU @ 2.40GHz,linux,32,16,00:07:22,01:14:41,,
Intel(R) Xeon(R) Platinum 8360Y CPU @ 2.40GHz,linux,64,16,00:07:16,01:12:33,,
Intel(R) Xeon(R) Platinum 8360Y CPU @ 2.40GHz,linux,128,16,00:07:00,01:10:31,,
Intel(R) Xeon(R) Platinum 8360Y CPU @ 2.40GHz,linux,256,16,00:07:40,01:14:59,,
2x AMD EPYC 7742 64-Core Processor,linux,64,64,00:30:57,06:43:22,,
Intel(R) Xeon(R) Platinum 8360Y CPU @ 2.40GHz,linux,16,32,00:20:19,03:16:58,,
Intel(R) Xeon(R) Platinum 8360Y CPU @ 2.40GHz,linux,32,32,00:21:52,03:29:24,,
2x AMD EPYC 7742 64-Core Processor,linux,4,1,00:22:43,00:23:02,,
2x AMD EPYC 7742 64-Core Processor,linux,8,1,00:19:03,00:19:24,,
Intel(R) Xeon(R) Platinum 8360Y CPU @ 2.40GHz,linux,4,1,00:25:17,00:26:15,,
Intel(R) Xeon(R) Platinum 8360Y CPU @ 2.40GHz,linux,8,1,00:19:04,00:19:58,,
AMD EPYC 7601 32-Core Processor,linux,32,16,00:07:06,01:25:30,,
AMD EPYC 7601 32-Core Processor,linux,64,16,00:06:31,01:20:36,,
AMD EPYC 7601 32-Core Processor,linux,128,16,00:06:59,01:23:47,,
AMD EPYC 7601 32-Core Processor,linux,256,16,00:05:57,01:09:34,,
AMD EPYC 7601 32-Core Processor,linux,16,32,00:19:36,03:45:57,,
AMD EPYC 7601 32-Core Processor,linux,32,32,00:20:35,03:39:09,,
AMD EPYC 7601 32-Core Processor,linux,64,32,00:21:38,04:05:43,,
AMD EPYC 7601 32-Core Processor,linux,128,32,00:19:16,03:22:27,,
AMD EPYC 7601 32-Core Processor,linux,256,32,00:19:57,03:50:21,,
AMD EPYC 7601 32-Core Processor,linux,512,32,00:19:42,03:28:53,,
AMD EPYC 7601 32-Core Processor,linux,16,64,00:59:44,11:42:32,,
AMD EPYC 7601 32-Core Processor,linux,64,64,00:57:30,10:43:42,,
AMD EPYC 7601 32-Core Processor,linux,128,64,01:03:50,11:59:40,,
AMD EPYC 7601 32-Core Processor,linux,256,64,01:00:32,11:13:21,,
AMD EPYC 7601 32-Core Processor,linux,512,64,01:04:02,12:08:58,,
AMD EPYC 7601 32-Core Processor,linux,16,128,01:27:35,21:16:16,,
Intel(R) Xeon(R) CPU E5-2699 v4 @ 2.20GHz,linux,64,16,00:05:14,00:51:59,,
Intel(R) Xeon(R) CPU E5-2699 v4 @ 2.20GHz,linux,128,16,00:05:04,00:50:52,,
Fujitsu A64FX,linux,4,1,03:45:15,03:47:30,,
Fujitsu A64FX,linux,8,1,03:37:17,03:39:32,,
Fujitsu A64FX,linux,4,4,01:10:23,03:59:29,,
Fujitsu A64FX,linux,8,4,01:07:19,03:52:58,,
Fujitsu A64FX,linux,16,4,01:07:13,03:51:19,,
AMD EPYC 7601 32-Core Processor,linux,128,128,01:36:44,22:16:16,,
2x AMD EPYC 7742 64-Core Processor w/ NUMA,linux,4,1,00:21:13,00:21:32,,
2x AMD EPYC 7742 64-Core Processor w/ NUMA,linux,8,1,00:18:40,00:18:59,,
2x AMD EPYC 7742 64-Core Processor w/ NUMA,linux,4,4,00:07:07,00:24:08,,
2x AMD EPYC 7742 64-Core Processor w/ NUMA,linux,8,4,00:05:56,00:20:31,,
2x AMD EPYC 7742 64-Core Processor w/ NUMA,linux,16,4,00:05:58,00:20:41,,
2x AMD EPYC 7742 64-Core Processor w/ NUMA,linux,8,8,00:03:46,00:24:11,,
2x AMD EPYC 7742 64-Core Processor w/ NUMA,linux,16,8,00:03:42,00:24:20,,
2x AMD EPYC 7742 64-Core Processor w/ NUMA,linux,32,8,00:03:51,00:25:51,,
2x AMD EPYC 7742 64-Core Processor w/ NUMA,linux,64,8,00:03:52,00:25:50,,
2x AMD EPYC 7742 64-Core Processor w/ NUMA,linux,16,16,00:03:04,00:38:53,,
2x AMD EPYC 7742 64-Core Processor w/ NUMA,linux,32,16,00:03:30,00:43:58,,
2x AMD EPYC 7742 64-Core Processor w/ NUMA,linux,64,16,00:03:32,00:44:21,,
2x AMD EPYC 7742 64-Core Processor w/ NUMA,linux,128,16,00:03:34,00:42:48,,
2x AMD EPYC 7742 64-Core Processor w/ NUMA,linux,256,16,00:03:25,00:43:29,,
2x AMD EPYC 7742 64-Core Processor w/ NUMA,linux,16,32,00:06:19,01:15:42,,
2x AMD EPYC 7742 64-Core Processor w/ NUMA,linux,32,32,00:06:15,01:13:37,,
2x AMD EPYC 7742 64-Core Processor w/ NUMA,linux,64,32,00:06:44,01:10:20,,
2x AMD EPYC 7742 64-Core Processor w/ NUMA,linux,128,32,00:06:34,01:09:40,,
2x AMD EPYC 7742 64-Core Processor w/ NUMA,linux,256,32,00:06:40,01:10:52,,
2x AMD EPYC 7742 64-Core Processor w/ NUMA,linux,512,32,00:07:02,01:11:30,,
2x AMD EPYC 7742 64-Core Processor w/ NUMA,linux,16,64,00:14:14,02:55:31,,
Fujitsu A64FX,linux,8,8,00:38:52,04:04:34,,
Fujitsu A64FX,linux,16,8,00:38:07,04:00:14,,
Fujitsu A64FX,linux,32,8,00:37:02,04:01:18,,
Fujitsu A64FX,linux,16,16,00:23:49,04:28:37,,
Fujitsu A64FX,linux,32,16,00:24:17,04:32:32,,
Fujitsu A64FX,linux,16,32,00:27:13,06:05:27,,
2x AMD EPYC 7742 64-Core Processor w/ NUMA,linux,64,64,00:15:58,03:03:13,,
2x AMD EPYC 7742 64-Core Processor w/ NUMA,linux,128,64,00:14:58,02:55:55,,
2x AMD EPYC 7742 64-Core Processor w/ NUMA,linux,256,64,00:16:50,02:44:13,,
AMD EPYC 7601 32-Core Processor,linux,4,1,00:34:18,00:34:47,,
AMD EPYC 7601 32-Core Processor,linux,8,1,00:30:28,00:30:57,,
Intel(R) Xeon(R) CPU E5-2699 v4 @ 2.20GHz,linux,4,1,00:29:27,00:30:14,,
Intel(R) Xeon(R) CPU E5-2699 v4 @ 2.20GHz,linux,8,1,00:25:11,00:25:57,,
Intel(R) Xeon(R) CPU E5-2699 v4 @ 2.20GHz,linux,4,4,00:09:50,00:34:12,,
Intel(R) Xeon(R) CPU E5-2699 v4 @ 2.20GHz,linux,8,4,00:08:40,00:30:49,,
Intel(R) Xeon(R) CPU E5-2699 v4 @ 2.20GHz,linux,8,8,00:05:43,00:36:46,,
Intel(R) Xeon(R) CPU E5-2699 v4 @ 2.20GHz,linux,16,8,00:05:26,00:35:48,,
Intel(R) Xeon(R) CPU E5-2699 v4 @ 2.20GHz,linux,16,16,00:05:14,00:50:32,,
Intel(R) Xeon(R) CPU E5-2699 v4 @ 2.20GHz,linux,32,16,00:05:00,00:50:56,,
Intel(R) Core(TM) i7-10875H CPU @ 2.30GHz,linux,4,1,00:24:16,00:24:31,,
Intel(R) Core(TM) i7-10875H CPU @ 2.30GHz,linux,8,1,00:20:13,00:20:29,,
AMD Ryzen Threadripper 2990WX 32-Core Processor,linux,4,1,00:23:09,00:23:29,,
AMD Ryzen Threadripper 2990WX 32-Core Processor,linux,8,1,00:20:10,00:20:31,,
AMD Ryzen Threadripper 2990WX 32-Core Processor,linux,4,4,00:07:17,00:25:17,,
AMD Ryzen Threadripper 2990WX 32-Core Processor,linux,8,4,00:06:30,00:22:44,,
AMD Ryzen Threadripper 2990WX 32-Core Processor,linux,8,8,00:04:13,00:28:26,,
AMD Ryzen Threadripper 2990WX 32-Core Processor,linux,16,8,00:04:17,00:28:45,,
AMD Ryzen Threadripper 2990WX 32-Core Processor,linux,16,16,00:04:06,00:53:03,,
Intel(R) Core(TM) i7-10875H CPU @ 2.30GHz,linux,4,4,00:08:07,00:28:12,,
Intel(R) Core(TM) i7-10875H CPU @ 2.30GHz,linux,8,4,00:07:22,00:25:50,,
Intel(R) Core(TM) i7-10875H CPU @ 2.30GHz,linux,8,8,00:05:54,00:40:10,,
Intel(R) Core(TM) i7-10875H CPU @ 2.30GHz,linux,16,8,00:06:13,00:41:24,,
Intel(R) Core(TM) i7-10875H CPU @ 2.30GHz,linux,16,16,00:09:03,01:29:20,,
AMD EPYC 7601 32-Core Processor,linux,4,4,00:10:25,00:35:45,,
AMD EPYC 7601 32-Core Processor,linux,8,4,00:09:27,00:33:04,,
AMD EPYC 7601 32-Core Processor,linux,8,8,00:06:00,00:40:17,,
AMD EPYC 7601 32-Core Processor,linux,16,8,00:06:05,00:41:29,,
AMD EPYC 7601 32-Core Processor,linux,16,16,00:06:40,01:17:19,,
AMD EPYC 7601 32-Core Processor,linux,32,16,00:05:57,01:15:30,,
AMD EPYC 7601 32-Core Processor,linux,16,32,00:17:04,02:48:37,,
AMD EPYC 7601 32-Core Processor,linux,32,32,00:22:04,04:19:32,,
AMD Ryzen 5 3600 6-Core Processor,linux,4,1,00:18:35,00:18:50,,
AMD Ryzen 5 3600 6-Core Processor,linux,8,1,00:19:48,00:20:03,,
AMD Ryzen 5 3600 6-Core Processor,linux,4,4,00:06:48,00:23:05,,
AMD Ryzen 5 3600 6-Core Processor,linux,8,4,00:06:04,00:21:00,,
AMD Ryzen 5 3600 6-Core Processor,linux,8,8,00:04:37,00:28:07,,
AMD Ryzen 5 3600 6-Core Processor,linux,16,8,00:04:58,00:29:38,,
AMD Ryzen Threadripper 2990WX 32-Core Processor,linux,32,16,00:04:30,00:58:33,,
AMD Ryzen Threadripper 2990WX 32-Core Processor,linux,16,32,00:09:39,01:55:01,,
AMD Ryzen Threadripper 2990WX 32-Core Processor,linux,32,32,00:09:39,01:51:04,,
Intel(R) Core(TM) i9-10900 CPU @ 2.80GHz,linux,12,12,00:03:18,00:27:47,,
Intel(R) Core(TM) i9-10900 CPU @ 2.80GHz,linux,24,12,00:04:35,00:37:29,,
Intel(R) Core(TM) i9-10900 CPU @ 2.80GHz,linux,4,1,00:16:44,00:17:02,,
Intel(R) Core(TM) i9-10900 CPU @ 2.80GHz,linux,8,1,00:17:23,00:17:41,,
Intel(R) Core(TM) i9-10900 CPU @ 2.80GHz,linux,4,4,00:05:36,00:19:33,,
Intel(R) Core(TM) i9-10900 CPU @ 2.80GHz,linux,8,4,00:05:39,00:19:40,,
Intel(R) Core(TM) i9-10900 CPU @ 2.80GHz,linux,8,8,00:03:14,00:21:15,,
Intel(R) Core(TM) i9-10900 CPU @ 2.80GHz,linux,16,8,00:03:44,00:23:45,,
Intel(R) Core(TM) i9-10900 CPU @ 2.80GHz,linux,16,16,00:02:48,00:31:44,,
Intel(R) Core(TM) i9-10900 CPU @ 2.80GHz,linux,32,16,00:03:20,00:39:02,,
Intel(R) Core(TM) i7-4790 CPU @ 3.60GHz,linux,4,1,00:26:06,00:26:18,,
Intel(R) Core(TM) i7-4790 CPU @ 3.60GHz,linux,8,1,00:20:49,00:21:09,,
Intel(R) Core(TM) i7-4790 CPU @ 3.60GHz,linux,4,4,00:08:31,00:29:14,,
Intel(R) Core(TM) i7-4790 CPU @ 3.60GHz,linux,8,4,00:08:10,00:28:12,,
Intel(R) Core(TM) i7-4790 CPU @ 3.60GHz,linux,8,8,00:06:06,00:34:42,,
Intel(R) Core(TM) i9-10850K CPU @ 3.60GHz,linux,4,1,00:17:13,00:17:31,,
Intel(R) Core(TM) i9-10850K CPU @ 3.60GHz,linux,8,1,00:16:27,00:16:46,,
Intel(R) Core(TM) i9-10850K CPU @ 3.60GHz,linux,4,4,00:05:21,00:18:29,,
Intel(R) Core(TM) i9-10850K CPU @ 3.60GHz,linux,8,4,00:05:18,00:18:19,,
Intel(R) Core(TM) i9-10850K CPU @ 3.60GHz,linux,8,8,00:03:04,00:20:15,,
Intel(R) Core(TM) i9-10850K CPU @ 3.60GHz,linux,16,8,00:03:05,00:20:13,,
Intel(R) Core(TM) i9-10850K CPU @ 3.60GHz,linux,16,16,00:02:50,00:32:09,,
Intel(R) Core(TM) i9-10850K CPU @ 3.60GHz,linux,32,16,00:03:19,00:39:25,,
AMD Ryzen 9 3900X 12-Core Processor,linux,4,1,00:19:54,00:20:04,,
AMD Ryzen 9 3900X 12-Core Processor,linux,8,1,00:16:36,00:16:46,,
AMD Ryzen 9 3900X 12-Core Processor,linux,4,4,00:06:05,00:20:35,,
AMD Ryzen 9 3900X 12-Core Processor,linux,8,4,00:05:30,00:18:56,,
AMD Ryzen 9 3900X 12-Core Processor,linux,8,8,00:03:14,00:21:16,,
AMD Ryzen 9 3900X 12-Core Processor,linux,16,8,00:03:12,00:21:09,,
AMD Ryzen 9 3900X 12-Core Processor,linux,16,12,00:02:50,00:27:36,,
AMD Ryzen 9 3900X 12-Core Processor,linux,16,16,00:02:57,00:35:06,,
AMD Ryzen 9 3900X 12-Core Processor,linux,16,24,00:03:51,00:45:41,,
11th Gen Intel(R) Core(TM) i7-1165G7 @ 2.80GHz,linux,4,1,00:33:47,00:34:24,,
11th Gen Intel(R) Core(TM) i7-1165G7 @ 2.80GHz,linux,8,1,00:35:59,00:36:36,,
11th Gen Intel(R) Core(TM) i7-1165G7 @ 2.80GHz,linux,4,4,00:19:24,01:09:10,,
11th Gen Intel(R) Core(TM) i7-1165G7 @ 2.80GHz,linux,8,4,00:20:35,01:13:24,,
11th Gen Intel(R) Core(TM) i7-1165G7 @ 2.80GHz,linux,8,8,00:17:56,01:47:56,,
11th Gen Intel(R) Core(TM) i7-1165G7 @ 2.80GHz,linux,16,8,00:19:44,01:50:32,,
Intel(R) Core(TM) i9-9880H CPU @ 2.30GHz,darwin,4,1,00:23:04,00:23:26,,
Intel(R) Core(TM) i9-9880H CPU @ 2.30GHz,darwin,8,1,00:17:49,00:18:12,,
Intel(R) Core(TM) i9-9880H CPU @ 2.30GHz,darwin,4,4,00:07:26,00:25:55,,
Intel(R) Core(TM) i9-9880H CPU @ 2.30GHz,darwin,8,4,00:06:08,00:21:14,,
Intel(R) Core(TM) i9-9880H CPU @ 2.30GHz,darwin,8,8,00:04:41,00:30:27,,
Intel(R) Core(TM) i7-8550U CPU @ 1.80GHz,linux,4,1,00:23:27,00:23:57,,
Intel(R) Core(TM) i7-8550U CPU @ 1.80GHz,linux,8,1,00:20:52,00:21:21,,
Intel(R) Core(TM) i7-8550U CPU @ 1.80GHz,linux,4,4,00:11:28,00:40:05,,
Intel(R) Core(TM) i7-8550U CPU @ 1.80GHz,linux,8,4,00:11:02,00:38:45,,
Intel(R) Core(TM) i7-8550U CPU @ 1.80GHz,linux,8,8,00:09:39,00:57:18,,
Intel(R) Core(TM) i7-8550U CPU @ 1.80GHz,linux,16,8,00:09:30,00:56:27,,
Intel(R) Core(TM) i9-8950HK CPU @ 2.90GHz,darwin,4,1,0:21:23,0:21:42,,
Intel(R) Core(TM) i9-8950HK CPU @ 2.90GHz,darwin,8,1,0:17:33,0:17:55,,
Intel(R) Core(TM) i9-8950HK CPU @ 2.90GHz,darwin,4,4,0:08:10,0:28:24,,
Intel(R) Core(TM) i9-8950HK CPU @ 2.90GHz,darwin,8,4,0:06:59,0:24:26,,
Intel(R) Core(TM) i9-8950HK CPU @ 2.90GHz,darwin,8,8,0:05:47,0:39:40,,
Intel(R) Core(TM) i9-8950HK CPU @ 2.90GHz,darwin,16,8,0:05:41,0:38:34,,
Intel(R) Xeon(R) W-2140B CPU @ 3.20GHz,darwin,4,1,00:21:53,00:22:12,,
Intel(R) Xeon(R) W-2140B CPU @ 3.20GHz,darwin,8,1,00:17:40,00:17:59,,
Intel(R) Xeon(R) W-2140B CPU @ 3.20GHz,darwin,4,4,00:06:37,00:22:52,,
Intel(R) Xeon(R) W-2140B CPU @ 3.20GHz,darwin,8,4,00:05:40,00:19:43,,
Intel(R) Xeon(R) W-2140B CPU @ 3.20GHz,darwin,8,8,00:03:52,00:26:35,,
Intel(R) Xeon(R) W-2140B CPU @ 3.20GHz,darwin,16,8,00:03:41,00:25:25,,
Intel(R) Xeon(R) W-2140B CPU @ 3.20GHz,darwin,16,16,00:03:43,00:40:27,,
Intel(R) Xeon(R) W-2140B CPU @ 3.20GHz,darwin,32,16,00:03:40,00:40:41,,
Intel(R) Core(TM) i5-5250U CPU @ 1.60GHz,darwin,4,1,01:13:55,01:00:26,,
Intel(R) Core(TM) i5-5250U CPU @ 1.60GHz,darwin,4,4,00:37:08,01:06:26,,
Apple M1 (using Rosetta Emulation),darwin,4,1,00:14:45,00:14:57,,
Apple M1 (using Rosetta Emulation),darwin,8,1,00:14:02,00:14:15,,
Apple M1 (using Rosetta Emulation),darwin,4,4,00:05:27,00:18:48,,
Apple M1 (using Rosetta Emulation),darwin,8,4,00:04:36,00:15:46,,
Apple M1 (using Rosetta Emulation),darwin,8,8,00:04:24,00:24:09,,
Apple M1 in docker (aarch64),linux,4,1,0:35:01,0:36:01,,
Apple M1 in docker (aarch64),linux,8,1,0:34:32,0:35:31,,
Apple M1 in docker (aarch64),linux,4,4,0:13:35,0:50:03,,
Apple M1 in docker (aarch64),linux,8,4,0:13:19,0:49:00,,
Apple M1 in docker (aarch64),linux,8,8,0:11:07,1:09:30,,
Intel(R) Core(TM) i5-6600K CPU @ 4.50GHz,linux,4,1,00:19:24,00:19:39,,
Intel(R) Core(TM) i5-6600K CPU @ 4.50GHz,linux,8,1,00:15:55,00:16:10,,
Intel(R) Core(TM) i5-6600K CPU @ 4.50GHz,linux,4,4,00:06:45,00:20:32,,
Intel(R) Core(TM) i5-6600K CPU @ 4.50GHz,linux,8,4,00:05:52,00:17:39,,
Apple M1 (using Rosetta Emulation),darwin,4,1,0:15:37,0:15:48,,
Apple M1 (using Rosetta Emulation),darwin,8,1,0:13:19,0:13:31,,
Apple M1 (using Rosetta Emulation),darwin,4,4,0:05:38,0:19:17,,
Apple M1 (using Rosetta Emulation),darwin,8,4,0:04:55,0:16:35,,
Apple M1 (using Rosetta Emulation),darwin,8,8,0:04:35,0:24:59,,
AMD Ryzen 7 4800H with Radeon Graphics,linux,4,1,00:21:06,00:21:36,,
AMD Ryzen 7 4800H with Radeon Graphics,linux,8,1,00:19:16,00:19:46,,
AMD Ryzen 7 4800H with Radeon Graphics,linux,4,4,00:07:35,00:26:15,,
AMD Ryzen 7 4800H with Radeon Graphics,linux,8,4,00:07:28,00:25:53,,
AMD Ryzen 7 4800H with Radeon Graphics,linux,8,8,00:05:04,00:31:44,,
AMD Ryzen 7 4800H with Radeon Graphics,linux,16,8,00:05:03,00:32:03,,
AMD Ryzen 7 4800H with Radeon Graphics,linux,16,16,00:03:56,00:41:35,,
Intel(R) Core(TM) i9-8950HK CPU @ 2.90GHz,darwin,4,1,00:20:07,00:20:36,,
Intel(R) Core(TM) i9-8950HK CPU @ 2.90GHz,darwin,8,1,00:16:16,00:16:46,,
Intel(R) Core(TM) i9-8950HK CPU @ 2.90GHz,darwin,4,4,00:07:48,00:27:12,,
Intel(R) Core(TM) i9-8950HK CPU @ 2.90GHz,darwin,8,4,00:06:23,00:22:26,,
Intel(R) Core(TM) i9-8950HK CPU @ 2.90GHz,darwin,8,8,00:05:12,00:35:23,,
Intel(R) Core(TM) i9-8950HK CPU @ 2.90GHz,darwin,16,8,00:05:12,00:35:07,,
Intel(R) Core(TM) i9-9900K CPU @ 3.60GHz,linux,4,1,00:18:13,00:18:36,,
Intel(R) Core(TM) i9-9900K CPU @ 3.60GHz,linux,8,1,00:15:35,00:15:57,,
Intel(R) Core(TM) i9-9900K CPU @ 3.60GHz,linux,4,4,00:05:47,00:19:54,,
Intel(R) Core(TM) i9-9900K CPU @ 3.60GHz,linux,8,4,00:04:58,00:17:12,,
Intel(R) Core(TM) i9-9900K CPU @ 3.60GHz,linux,8,8,00:03:12,00:21:04,,
Intel(R) Core(TM) i9-9900K CPU @ 3.60GHz,linux,16,8,00:03:04,00:20:08,,
Intel(R) Core(TM) i9-9900K CPU @ 3.60GHz,linux,16,16,00:02:43,00:29:05,,
AMD EPYC 7702 64-Core Processor,linux,4,1,00:23:46,00:24:07,,
AMD EPYC 7702 64-Core Processor,linux,8,1,00:23:38,00:23:59,,
AMD EPYC 7702 64-Core Processor,linux,4,4,00:07:50,00:26:42,,
AMD EPYC 7702 64-Core Processor,linux,8,4,00:07:33,00:25:54,,
AMD EPYC 7702 64-Core Processor,linux,8,8,00:05:04,00:30:23,,
AMD EPYC 7702 64-Core Processor,linux,16,8,00:03:58,00:26:17,,
AMD EPYC 7702 64-Core Processor,linux,16,16,00:03:40,00:47:33,,
AMD EPYC 7702 64-Core Processor,linux,32,16,00:03:37,00:46:01,,
AMD EPYC 7702 64-Core Processor,linux,16,32,00:10:47,02:14:46,,
AMD EPYC 7702 64-Core Processor,linux,32,32,00:10:02,01:52:30,,
AMD EPYC 7702 64-Core Processor,linux,64,32,00:10:23,02:13:45,,
AMD EPYC 7702 64-Core Processor,linux,16,64,00:28:11,05:28:14,,
AMD EPYC 7702 64-Core Processor,linux,64,64,00:29:09,04:59:13,,
AMD EPYC 7702 64-Core Processor,linux,128,64,00:32:56,05:53:08,,
AMD EPYC 7702 64-Core Processor,linux,16,128,01:28:04,21:16:46,,
11th Gen Intel(R) Core(TM) i7-1185G7 @ 3.00GHz,linux,8,1,00:14:52,00:15:11,,
11th Gen Intel(R) Core(TM) i7-1185G7 @ 3.00GHz,linux,4,4,00:08:42,00:30:39,,
11th Gen Intel(R) Core(TM) i7-1185G7 @ 3.00GHz,linux,8,4,00:07:43,00:27:02,,
11th Gen Intel(R) Core(TM) i7-1185G7 @ 3.00GHz,linux,8,8,00:06:13,00:38:13,,
11th Gen Intel(R) Core(TM) i7-1185G7 @ 3.00GHz,linux,16,8,00:06:18,00:38:37,,
Intel(R) Core(TM) i7-7820HQ CPU @ 2.90GHz,windows,4,1,00:26:41,,,
Intel(R) Core(TM) i7-7820HQ CPU @ 2.90GHz,windows,8,1,00:24:38,,,
Intel(R) Core(TM) i7-7820HQ CPU @ 2.90GHz,windows,4,4,00:12:36,,,
Intel(R) Core(TM) i7-7820HQ CPU @ 2.90GHz,windows,8,4,00:10:53,,,
Intel(R) Core(TM) i7-7820HQ CPU @ 2.90GHz,windows,8,8,00:08:56,,,
Intel(R) Core(TM) i7-7820HQ CPU @ 2.90GHz,windows,16,8,00:08:44,,,
Intel(R) Xeon(R) Gold 6144 CPU @ 3.50GHz,linux,4,1,00:22:23,00:22:49,,
Intel(R) Xeon(R) Gold 6144 CPU @ 3.50GHz,linux,8,1,00:20:14,00:20:43,,
Intel(R) Xeon(R) Gold 6144 CPU @ 3.50GHz,linux,4,4,00:07:36,00:26:26,,
Intel(R) Xeon(R) Gold 6144 CPU @ 3.50GHz,linux,8,4,00:07:34,00:26:21,,
Intel(R) Xeon(R) Gold 6144 CPU @ 3.50GHz,linux,8,8,00:05:07,00:30:57,,
Intel(R) Xeon(R) Gold 6144 CPU @ 3.50GHz,linux,16,8,00:04:57,00:30:53,,
Intel(R) Xeon(R) Gold 6144 CPU @ 3.50GHz,linux,16,16,00:04:45,00:45:48,,
Intel(R) Xeon(R) Gold 6144 CPU @ 3.50GHz,linux,32,16,00:04:47,00:47:32,,
Intel(R) Xeon(R) Gold 6144 CPU @ 3.50GHz,linux,16,32,00:12:42,01:39:21,,
Intel(R) Xeon(R) Gold 6144 CPU @ 3.50GHz,linux,32,32,00:12:57,01:42:58,,
Intel(R) Xeon(R) Gold 6144 CPU @ 3.50GHz,linux,64,32,00:13:18,01:47:57,,
Intel(R) Core(TM) i9-9900 CPU @ 3.10GHz,linux,4,1,0:17:11,0:17:32,,
Intel(R) Core(TM) i9-9900 CPU @ 3.10GHz,linux,8,1,0:14:44,0:15:05,,
Intel(R) Core(TM) i9-9900 CPU @ 3.10GHz,linux,4,4,0:05:48,0:20:01,,
Intel(R) Core(TM) i9-9900 CPU @ 3.10GHz,linux,8,4,0:04:55,0:17:06,,
Intel(R) Core(TM) i9-9900 CPU @ 3.10GHz,linux,8,8,0:03:13,0:21:21,,
Intel(R) Core(TM) i9-9900 CPU @ 3.10GHz,linux,16,8,0:03:21,0:21:59,,
Intel(R) Core(TM) i9-9900 CPU @ 3.10GHz,linux,16,16,0:02:55,0:30:54,,
Intel(R) Core(TM) i7-7920HQ CPU @ 3.10GHz,darwin,4,1,00:25:40,00:25:55,,
Intel(R) Core(TM) i7-7920HQ CPU @ 3.10GHz,darwin,8,1,00:20:10,00:20:32,,
Intel(R) Core(TM) i7-7920HQ CPU @ 3.10GHz,darwin,4,4,00:09:09,00:31:48,,
Intel(R) Core(TM) i7-7920HQ CPU @ 3.10GHz,darwin,8,4,00:07:33,00:25:39,,
Intel(R) Core(TM) i7-7920HQ CPU @ 3.10GHz,darwin,8,8,00:06:24,00:37:24,,
Intel(R) Core(TM) i7-9700K CPU @ 3.60GHz,linux,4,1,00:23:45,00:24:13,,
Intel(R) Core(TM) i7-9700K CPU @ 3.60GHz,linux,8,1,00:19:43,00:20:10,,
Intel(R) Core(TM) i7-9700K CPU @ 3.60GHz,linux,4,4,00:07:37,00:25:52,,
Intel(R) Core(TM) i7-9700K CPU @ 3.60GHz,linux,8,4,00:06:25,00:21:58,,
Intel(R) Core(TM) i7-9700K CPU @ 3.60GHz,linux,8,8,00:03:57,00:22:07,,
Intel(R) Core(TM) i7-9700K CPU @ 3.60GHz,linux,16,8,00:04:12,00:23:11,,
Intel(R) Core(TM) i7-4770 CPU @ 3.40GHz,linux,4,1,00:24:13,00:24:41,,
Intel(R) Core(TM) i7-4770 CPU @ 3.40GHz,linux,8,1,00:23:09,00:23:30,,
Intel(R) Core(TM) i7-4770 CPU @ 3.40GHz,linux,4,4,00:08:16,00:28:38,,
Intel(R) Core(TM) i7-4770 CPU @ 3.40GHz,linux,8,4,00:08:20,00:28:48,,
Intel(R) Core(TM) i7-4770 CPU @ 3.40GHz,linux,8,8,00:06:09,00:36:14,,
Intel(R) Core(TM) i7-9700K CPU @ 3.60GHz (turbo 4.90 GHz),linux,4,1,00:17:09,00:17:32,,
Intel(R) Core(TM) i7-9700K CPU @ 3.60GHz (turbo 4.90 GHz),linux,8,1,00:15:06,00:15:29,,
Intel(R) Core(TM) i7-9700K CPU @ 3.60GHz (turbo 4.90 GHz),linux,4,4,00:06:40,00:22:57,,
Intel(R) Core(TM) i7-9700K CPU @ 3.60GHz (turbo 4.90 GHz),linux,8,4,00:05:06,00:17:46,,
Intel(R) Core(TM) i7-9700K CPU @ 3.60GHz (turbo 4.90 GHz),linux,8,8,00:03:44,00:21:25,,
Intel(R) Core(TM) i7-9700K CPU @ 3.60GHz (turbo 4.90 GHz),linux,16,8,00:03:58,00:21:47,,
Intel(R) Core(TM) i7-7920HQ CPU @ 3.10GHz,darwin,4,1,00:26:20,00:26:39,,
Intel(R) Core(TM) i7-7920HQ CPU @ 3.10GHz,darwin,8,1,00:22:24,00:22:42,,
Intel(R) Core(TM) i7-7920HQ CPU @ 3.10GHz,darwin,4,4,00:10:56,00:37:39,,
Intel(R) Core(TM) i7-7920HQ CPU @ 3.10GHz,darwin,8,4,00:09:44,00:33:26,,
Intel(R) Core(TM) i7-7920HQ CPU @ 3.10GHz,darwin,8,8,00:07:34,00:42:15,,
Intel(R) Core(TM) i5-5300U CPU @ 2.30GHz,linux,4,1,00:29:01,00:29:30,,
Intel(R) Core(TM) i5-5300U CPU @ 2.30GHz,linux,8,1,00:29:23,00:29:49,,
Intel(R) Core(TM) i5-5300U CPU @ 2.30GHz,linux,4,4,00:16:36,00:52:47,,
Intel(R) Core(TM) i5-5300U CPU @ 2.30GHz,linux,8,4,00:16:57,00:53:24,,
Intel(R) Core(TM) i9-9980HK CPU @ 2.40GHz,darwin,4,1,00:20:05,00:20:26,,
Intel(R) Core(TM) i9-9980HK CPU @ 2.40GHz,darwin,8,1,00:17:38,00:18:00,,
Intel(R) Core(TM) i9-9980HK CPU @ 2.40GHz,darwin,4,4,00:07:01,00:24:37,,
Intel(R) Core(TM) i9-9980HK CPU @ 2.40GHz,darwin,8,4,00:05:48,00:20:27,,
Intel(R) Core(TM) i9-9980HK CPU @ 2.40GHz,darwin,8,8,00:04:02,00:27:42,,
Intel(R) Core(TM) i9-9980HK CPU @ 2.40GHz,darwin,16,8,00:04:00,00:27:12,,
Intel(R) Core(TM) i9-9980HK CPU @ 2.40GHz,darwin,16,16,00:03:48,00:42:13,,
Intel(R) Core(TM) i9-9980HK CPU @ 2.40GHz,darwin,32,16,00:04:06,00:46:40,,
AMD EPYC 7702P 64-Core Processor (VM slice),linux,4,1,00:27:58,00:28:20,,
AMD EPYC 7702P 64-Core Processor (VM slice),linux,8,1,00:22:11,00:22:35,,
AMD EPYC 7702P 64-Core Processor (VM slice),linux,4,4,00:09:39,00:29:26,,
AMD EPYC 7702P 64-Core Processor (VM slice),linux,8,4,00:08:11,00:24:21,,
Apple M1 Pro,darwin,4,1,00:15:16,00:15:29,,
Apple M1 Pro,darwin,8,1,00:13:29,00:13:43,,
Apple M1 Pro,darwin,4,4,00:05:22,00:18:10,,
Apple M1 Pro,darwin,8,4,00:04:36,00:15:47,,
Apple M1 Pro,darwin,8,8,00:02:50,00:18:03,,
Apple M1 Pro,darwin,16,8,00:02:50,00:18:08,,
Apple M1 Pro,darwin,10,10,00:02:44,00:19:09,,
Intel(R) Core(TM) i9-10910 CPU @ 3.60GHz,darwin,4,1,00:18:26,00:18:41,,
Intel(R) Core(TM) i9-10910 CPU @ 3.60GHz,darwin,8,1,00:15:17,00:15:33,,
Intel(R) Core(TM) i9-10910 CPU @ 3.60GHz,darwin,4,4,00:05:53,00:20:22,,
Intel(R) Core(TM) i9-10910 CPU @ 3.60GHz,darwin,8,4,00:05:08,00:18:01,,
Intel(R) Core(TM) i9-10910 CPU @ 3.60GHz,darwin,8,8,00:03:22,00:22:55,,
Intel(R) Core(TM) i9-10910 CPU @ 3.60GHz,darwin,16,8,00:03:14,00:22:19,,
Intel(R) Core(TM) i9-10910 CPU @ 3.60GHz,darwin,16,16,00:03:17,00:41:31,,
Intel(R) Core(TM) i9-10910 CPU @ 3.60GHz,darwin,10,10,00:02:59,00:26:09,,
Intel(R) Core(TM) i7-8559U CPU @ 2.70GHz,darwin,4,1,00:21:55,00:22:14,,
Intel(R) Core(TM) i7-8559U CPU @ 2.70GHz,darwin,8,1,00:16:53,00:17:14,,
Intel(R) Core(TM) i7-8559U CPU @ 2.70GHz,darwin,4,4,00:08:24,00:29:07,,
Intel(R) Core(TM) i7-8559U CPU @ 2.70GHz,darwin,8,4,00:07:06,00:24:49,,
Intel(R) Core(TM) i7-8559U CPU @ 2.70GHz,darwin,8,8,00:05:56,00:35:55,,
AMD Ryzen 9 5900X 12-Core Processor,linux,4,1,00:13:56,00:14:03,,
AMD Ryzen 9 5900X 12-Core Processor,linux,8,1,00:12:27,00:12:36,,
AMD Ryzen 9 5900X 12-Core Processor,linux,4,4,00:04:49,00:16:32,,
AMD Ryzen 9 5900X 12-Core Processor,linux,8,4,00:04:10,00:14:25,,
AMD Ryzen 9 5900X 12-Core Processor,linux,8,8,00:02:39,00:17:35,,
AMD Ryzen 9 5900X 12-Core Processor,linux,16,8,00:02:39,00:17:32,,
AMD Ryzen 9 5900X 12-Core Processor,linux,16,16,00:02:23,00:27:16,,
AMD Ryzen 9 5900X 12-Core Processor,linux,32,16,00:02:59,00:35:56,,
AMD Ryzen 9 5900X 12-Core Processor,linux,12,12,00:02:23,00:22:53,,
AMD Ryzen 9 5900X 12-Core Processor,linux,24,12,00:03:01,00:29:17,,
AMD Ryzen 9 5900X 12-Core Processor,linux,16,24,00:03:27,00:37:19,,
AMD Ryzen 9 5900X 12-Core Processor,linux,24,24,00:03:38,00:42:21,,
AMD Ryzen 9 5900X 12-Core Processor,linux,48,24,00:03:33,00:41:28,,
Intel(R) Core(TM) i7-9750H CPU @ 2.60GHz,darwin,4,1,00:23:08,00:23:26,,
Intel(R) Core(TM) i7-9750H CPU @ 2.60GHz,darwin,8,1,00:18:36,00:18:55,,
Intel(R) Core(TM) i7-9750H CPU @ 2.60GHz,darwin,4,4,00:07:31,00:25:47,,
Intel(R) Core(TM) i7-9750H CPU @ 2.60GHz,darwin,8,4,00:06:36,00:22:53,,
Intel(R) Core(TM) i7-9750H CPU @ 2.60GHz,darwin,8,8,00:05:38,00:36:49,,
AMD Ryzen 5 4500U with Radeon Graphics,linux,4,1,00:22:53,00:23:34,,
AMD Ryzen 5 4500U with Radeon Graphics,linux,4,4,00:07:42,00:26:16,,
AMD Ryzen 5 4500U with Radeon Graphics,linux,3,3,00:10:04,00:27:06,,
AMD Ryzen 5 4500U with Radeon Graphics,linux,6,3,00:08:24,00:22:45,,
AMD Ryzen 5 4500U with Radeon Graphics,linux,6,6,00:05:53,00:25:38,,
Intel(R) Core(TM) i7-10875H CPU @ 2.30GHz w/o HT,linux,4,1,00:22:22,00:22:38,,
Intel(R) Core(TM) i7-10875H CPU @ 2.30GHz w/o HT,linux,8,1,00:20:02,00:20:20,,
Intel(R) Core(TM) i7-10875H CPU @ 2.30GHz w/o HT,linux,4,4,00:07:50,00:26:46,,
Intel(R) Core(TM) i7-10875H CPU @ 2.30GHz w/o HT,linux,8,4,00:06:24,00:22:05,,
Intel(R) Core(TM) i7-10875H CPU @ 2.30GHz w/o HT,linux,8,8,00:04:38,00:27:30,,
Intel(R) Core(TM) i7-10875H CPU @ 2.30GHz w/o HT,linux,16,8,00:04:41,00:27:56,,
Intel(R) Core(TM) i9-10850K CPU @ 3.60GHz w/o HT,linux,4,1,00:16:21,00:16:38,,
Intel(R) Core(TM) i9-10850K CPU @ 3.60GHz w/o HT,linux,8,1,00:16:22,00:16:40,,
Intel(R) Core(TM) i9-10850K CPU @ 3.60GHz w/o HT,linux,4,4,00:05:16,00:18:10,,
Intel(R) Core(TM) i9-10850K CPU @ 3.60GHz w/o HT,linux,8,4,00:05:10,00:17:52,,
Intel(R) Core(TM) i9-10850K CPU @ 3.60GHz w/o HT,linux,8,8,00:02:58,00:18:26,,
Intel(R) Core(TM) i9-10850K CPU @ 3.60GHz w/o HT,linux,16,8,00:03:24,00:20:33,,
12th Gen Intel(R) Core(TM) i7-12700K,windows,4,1,00:11:39,,,
12th Gen Intel(R) Core(TM) i7-12700K,windows,8,1,00:09:31,,,
12th Gen Intel(R) Core(TM) i7-12700K,windows,4,4,00:03:30,,,
12th Gen Intel(R) Core(TM) i7-12700K,windows,8,4,00:03:01,,,
12th Gen Intel(R) Core(TM) i7-12700K,windows,8,8,00:01:49,,,
12th Gen Intel(R) Core(TM) i7-12700K,windows,16,8,00:01:50,,,
12th Gen Intel(R) Core(TM) i7-12700K,windows,16,16,00:02:07,,,
12th Gen Intel(R) Core(TM) i7-12700K,windows,10,10,00:01:48,,,
12th Gen Intel(R) Core(TM) i7-12700K,windows,16,20,00:02:42,,,
12th Gen Intel(R) Core(TM) i7-12700K w/o HT,windows,4,1,00:11:24,,,
12th Gen Intel(R) Core(TM) i7-12700K w/o HT,windows,8,1,00:09:53,,,
12th Gen Intel(R) Core(TM) i7-12700K w/o HT,windows,4,4,00:03:40,,,
12th Gen Intel(R) Core(TM) i7-12700K w/o HT,windows,8,4,00:02:57,,,
12th Gen Intel(R) Core(TM) i7-12700K w/o HT,windows,8,8,00:01:53,,,
12th Gen Intel(R) Core(TM) i7-12700K w/o HT,windows,16,8,00:01:52,,,
12th Gen Intel(R) Core(TM) i7-12700K w/o HT,windows,6,6,00:02:12,,,
12th Gen Intel(R) Core(TM) i7-12700K w/o HT,windows,12,6,00:02:06,,,
12th Gen Intel(R) Core(TM) i7-12700K w/o HT,windows,12,12,00:01:47,,,
Intel(R) Core(TM) i5-6200U CPU @ 2.30GHz,linux,4,1,00:31:47,00:32:22,,
Intel(R) Core(TM) i5-6200U CPU @ 2.30GHz,linux,8,1,00:30:24,00:30:58,,
Intel(R) Core(TM) i5-6200U CPU @ 2.30GHz,linux,4,4,00:14:50,00:47:14,,
Intel(R) Core(TM) i5-6200U CPU @ 2.30GHz,linux,8,4,00:16:21,00:52:09,,
Apple M1 Pro (native arm64),darwin,4,1,00:13:42,00:13:53,,
Apple M1 Pro (native arm64),darwin,8,1,00:11:54,00:12:05,,
Apple M1 Pro (native arm64),darwin,4,4,00:04:33,00:15:37,,
Apple M1 Pro (native arm64),darwin,8,4,00:03:52,00:13:16,,
Apple M1 Pro (native arm64),darwin,8,8,00:02:21,00:14:52,,
Apple M1 Pro (native arm64),darwin,16,8,00:02:20,00:14:54,,
Apple M1 Pro (native arm64),darwin,5,5,00:03:15,00:13:51,,
Apple M1 Pro (native arm64),darwin,10,5,00:03:18,00:13:59,,
Apple M1 Pro (native arm64),darwin,10,10,00:02:17,00:15:55,,
Intel(R) Core(TM) i9-10900 CPU @ 2.80GHz w/o HT,linux,4,1,00:17:30,00:17:47,,
Intel(R) Core(TM) i9-10900 CPU @ 2.80GHz w/o HT,linux,8,1,00:17:28,00:17:45,,
Intel(R) Core(TM) i9-10900 CPU @ 2.80GHz w/o HT,linux,4,4,00:05:32,00:19:18,,
Intel(R) Core(TM) i9-10900 CPU @ 2.80GHz w/o HT,linux,8,4,00:05:50,00:20:11,,
Intel(R) Core(TM) i9-10900 CPU @ 2.80GHz w/o HT,linux,8,8,00:03:40,00:21:50,,
Intel(R) Core(TM) i9-10900 CPU @ 2.80GHz w/o HT,linux,16,8,00:03:35,00:21:26,,
Intel(R) Core(TM) i9-10900 CPU @ 2.80GHz w/o HT,linux,5,5,00:04:21,00:18:32,,
Intel(R) Core(TM) i9-10900 CPU @ 2.80GHz w/o HT,linux,10,5,00:04:44,00:19:55,,
Intel(R) Core(TM) i9-10900 CPU @ 2.80GHz w/o HT,linux,10,10,00:03:14,00:21:42,,
Intel(R) Core(TM) i9-10900 CPU @ 2.80GHz w/o HT,linux,20,10,00:03:03,00:21:58,,
AMD Ryzen 7 PRO 5850U with Radeon Graphics (Screen 2160p),linux,4,1,00:21:38,00:22:13,,
AMD Ryzen 7 PRO 5850U with Radeon Graphics (Screen 2160p),linux,8,1,00:20:34,00:21:11,,
AMD Ryzen 7 PRO 5850U with Radeon Graphics (Screen 2160p),linux,4,4,00:08:46,00:32:37,,
AMD Ryzen 7 PRO 5850U with Radeon Graphics (Screen 2160p),linux,8,4,00:08:01,00:29:35,,
AMD Ryzen 7 PRO 5850U with Radeon Graphics (Screen 2160p),linux,8,8,00:06:42,00:46:26,,
AMD Ryzen 7 PRO 5850U with Radeon Graphics (Screen 2160p),linux,16,8,00:07:33,00:51:07,,
AMD Ryzen 7 PRO 5850U with Radeon Graphics (Screen 2160p),linux,16,16,00:06:53,01:14:19,,
AMD Ryzen 7 PRO 5850U with Radeon Graphics (Screen 1080p),linux,4,1,00:20:59,00:21:33,,
AMD Ryzen 7 PRO 5850U with Radeon Graphics (Screen 1080p),linux,8,1,00:17:39,00:18:14,,
AMD Ryzen 7 PRO 5850U with Radeon Graphics (Screen 1080p),linux,4,4,00:08:05,00:29:06,,
AMD Ryzen 7 PRO 5850U with Radeon Graphics (Screen 1080p),linux,8,4,00:08:36,00:31:08,,
AMD Ryzen 7 PRO 5850U with Radeon Graphics (Screen 1080p),linux,8,8,00:07:06,00:47:36,,
AMD Ryzen 7 PRO 5850U with Radeon Graphics (Screen 1080p),linux,16,8,00:06:04,00:42:05,,
AMD Ryzen 7 PRO 5850U with Radeon Graphics (Screen 1080p),linux,16,16,00:05:30,01:00:09,,
AMD Ryzen 5 5600X 6-Core Processor (Silent Mode),windows,4,1,00:31:27,,,
AMD Ryzen 5 5600X 6-Core Processor (Silent Mode),windows,8,1,00:27:40,,,
AMD Ryzen 5 5600X 6-Core Processor (Silent Mode),windows,4,4,00:09:21,,,
AMD Ryzen 5 5600X 6-Core Processor (Silent Mode),windows,8,4,00:08:36,,,
AMD Ryzen 5 5600X 6-Core Processor (Silent Mode),windows,8,8,00:03:51,,,
AMD Ryzen 5 5600X 6-Core Processor (Silent Mode),windows,16,8,00:04:02,,,
AMD Ryzen Threadripper 2950X 16-Core Processor,linux,4,1,00:23:47,00:24:05,,
AMD Ryzen Threadripper 2950X 16-Core Processor,linux,8,1,00:22:55,00:23:14,,
AMD Ryzen Threadripper 2950X 16-Core Processor,linux,4,4,00:07:53,00:26:45,,
AMD Ryzen Threadripper 2950X 16-Core Processor,linux,8,4,00:07:25,00:25:26,,
AMD Ryzen Threadripper 2950X 16-Core Processor,linux,8,8,00:05:01,00:30:34,,
AMD Ryzen Threadripper 2950X 16-Core Processor,linux,16,8,00:04:29,00:28:23,,
AMD Ryzen Threadripper 2950X 16-Core Processor,linux,16,16,00:03:47,00:44:47,,
AMD Ryzen Threadripper 2950X 16-Core Processor,linux,32,16,00:03:58,00:47:18,,
AMD Ryzen Threadripper 2950X 16-Core Processor,linux,16,32,00:08:15,01:23:55,,
AMD Ryzen Threadripper 2950X 16-Core Processor,linux,32,32,00:07:54,01:21:51,,
AMD Ryzen Threadripper 2950X 16-Core Processor,linux,64,32,00:08:31,01:28:28,,
Intel(R) Core(TM) i5-8259U CPU @ 2.30GHz,linux,4,1,00:22:39,00:23:11,,
Intel(R) Core(TM) i5-8259U CPU @ 2.30GHz,linux,8,1,00:19:55,00:20:27,,
Intel(R) Core(TM) i5-8259U CPU @ 2.30GHz,linux,4,4,00:08:00,00:27:53,,
Intel(R) Core(TM) i5-8259U CPU @ 2.30GHz,linux,8,4,00:07:01,00:24:33,,
Intel(R) Core(TM) i5-8259U CPU @ 2.30GHz,linux,8,8,00:05:53,00:35:08,,
Intel(R) Core(TM) i5-8259U CPU @ 2.30GHz,linux,16,8,00:05:46,00:34:21,,
11th Gen Intel(R) Core(TM) i5-1135G7 @ 2.40GHz,linux,4,1,00:19:14,00:19:36,,
11th Gen Intel(R) Core(TM) i5-1135G7 @ 2.40GHz,linux,8,1,00:15:06,00:15:28,,
11th Gen Intel(R) Core(TM) i5-1135G7 @ 2.40GHz,linux,4,4,00:06:22,00:22:20,,
11th Gen Intel(R) Core(TM) i5-1135G7 @ 2.40GHz,linux,8,4,00:05:36,00:19:34,,
11th Gen Intel(R) Core(TM) i5-1135G7 @ 2.40GHz,linux,8,8,00:04:43,00:28:15,,
11th Gen Intel(R) Core(TM) i5-1135G7 @ 2.40GHz,linux,16,8,00:04:49,00:28:47,,
AMD Ryzen 5 5600X 6-Core Processor,windows,4,1,00:13:44,,,
AMD Ryzen 5 5600X 6-Core Processor,windows,8,1,00:11:57,,,
AMD Ryzen 5 5600X 6-Core Processor,windows,4,4,00:04:38,,,
AMD Ryzen 5 5600X 6-Core Processor,windows,8,4,00:04:01,,,
AMD Ryzen 5 5600X 6-Core Processor,windows,8,8,00:02:55,,,
AMD Ryzen 5 5600X 6-Core Processor,windows,16,8,00:02:51,,,
Intel(R) Core(TM) i7-6700 CPU @ 3.40GHz,linux,4,1,00:21:41,00:22:05,,
Intel(R) Core(TM) i7-6700 CPU @ 3.40GHz,linux,8,1,00:18:29,00:18:53,,
Intel(R) Core(TM) i7-6700 CPU @ 3.40GHz,linux,4,4,00:07:59,00:27:42,,
Intel(R) Core(TM) i7-6700 CPU @ 3.40GHz,linux,8,4,00:06:40,00:23:12,,
Intel(R) Core(TM) i7-6700 CPU @ 3.40GHz,linux,8,8,00:05:04,00:29:32,,
Intel(R) Core(TM) i7-6700 CPU @ 3.40GHz,linux,16,8,00:04:59,00:29:14,,
Intel(R) Xeon(R) Platinum 8360H CPU @ 3.00GHz,linux,4,1,00:21:45,00:22:01,,
Intel(R) Xeon(R) Platinum 8360H CPU @ 3.00GHz,linux,8,1,00:18:14,00:18:31,,
Intel(R) Xeon(R) Platinum 8360H CPU @ 3.00GHz,linux,4,4,00:07:14,00:24:44,,
Intel(R) Xeon(R) Platinum 8360H CPU @ 3.00GHz,linux,8,4,00:06:06,00:21:15,,
Intel(R) Xeon(R) Platinum 8360H CPU @ 3.00GHz,linux,8,8,00:03:44,00:24:30,,
Intel(R) Xeon(R) Platinum 8360H CPU @ 3.00GHz,linux,16,8,00:03:44,00:24:42,,
Intel(R) Xeon(R) Platinum 8360H CPU @ 3.00GHz,linux,16,16,00:03:17,00:36:04,,
Intel(R) Xeon(R) Platinum 8360H CPU @ 3.00GHz,linux,32,16,00:03:23,00:37:52,,
Intel(R) Xeon(R) Platinum 8360H CPU @ 3.00GHz,linux,16,32,00:07:20,01:07:50,,
Intel(R) Xeon(R) Platinum 8360H CPU @ 3.00GHz,linux,32,32,00:07:43,01:10:41,,
Intel(R) Xeon(R) Platinum 8360H CPU @ 3.00GHz,linux,64,32,00:07:22,01:08:35,,
Intel(R) Xeon(R) Platinum 8360H CPU @ 3.00GHz,linux,16,64,00:22:14,03:02:42,,
Intel(R) Xeon(R) Platinum 8360H CPU @ 3.00GHz,linux,64,64,00:23:02,02:50:09,,
Intel(R) Xeon(R) Platinum 8360H CPU @ 3.00GHz,linux,128,64,00:22:32,02:52:40,,
Intel(R) Xeon(R) Gold 6240R CPU @ 2.40GHz,linux,4,1,00:22:02,00:22:46,,
Intel(R) Xeon(R) Gold 6240R CPU @ 2.40GHz,linux,8,1,00:19:08,00:19:52,,
Intel(R) Xeon(R) Gold 6240R CPU @ 2.40GHz,linux,4,4,00:08:23,00:29:18,,
Intel(R) Xeon(R) Gold 6240R CPU @ 2.40GHz,linux,8,4,00:07:02,00:24:58,,
Intel(R) Xeon(R) Gold 6240R CPU @ 2.40GHz,linux,8,8,00:04:33,00:30:45,,
Intel(R) Xeon(R) Gold 6240R CPU @ 2.40GHz,linux,16,8,00:04:30,00:30:29,,
Intel(R) Xeon(R) Gold 6240R CPU @ 2.40GHz,linux,16,16,00:05:24,00:56:25,,
Intel(R) Xeon(R) Gold 6240R CPU @ 2.40GHz,linux,32,16,00:04:56,00:52:47,,
Intel(R) Xeon(R) Gold 6240R CPU @ 2.40GHz,linux,16,32,00:12:12,01:57:06,,
Intel(R) Xeon(R) Gold 6240R CPU @ 2.40GHz,linux,32,32,00:12:13,01:57:15,,
Intel(R) Xeon(R) Gold 6240R CPU @ 2.40GHz,linux,64,32,00:12:35,02:00:32,,
Intel(R) Xeon(R) Gold 6240R CPU @ 2.40GHz,linux,16,64,00:36:25,05:21:13,,
Intel(R) Xeon(R) Gold 6240R CPU @ 2.40GHz,linux,64,64,00:33:35,05:13:11,,
11th Gen Intel(R) Core(TM) i7-11800H @ 2.30GHz,windows,4,1,00:16:02,,,
11th Gen Intel(R) Core(TM) i7-11800H @ 2.30GHz,windows,8,1,00:13:59,,,
11th Gen Intel(R) Core(TM) i7-11800H @ 2.30GHz,windows,4,4,00:06:19,,,
11th Gen Intel(R) Core(TM) i7-11800H @ 2.30GHz,windows,8,4,00:05:26,,,
11th Gen Intel(R) Core(TM) i7-11800H @ 2.30GHz,windows,8,8,00:03:38,,,
AMD Ryzen 5 2600 Six-Core Processor,windows,4,1,00:21:39,,,
AMD Ryzen 5 2600 Six-Core Processor,windows,8,1,00:19:36,,,
AMD Ryzen 5 2600 Six-Core Processor,windows,4,4,00:07:16,,,
AMD Ryzen 5 2600 Six-Core Processor,windows,8,4,00:06:31,,,
AMD Ryzen 5 2600 Six-Core Processor,windows,8,8,00:04:30,,,
AMD Ryzen 5 2600 Six-Core Processor,windows,6,6,00:04:59,,,
Intel(R) Core(TM) i5-7600K CPU @ 3.80GHz,windows,4,1,00:20:59,,,
Intel(R) Core(TM) i5-7600K CPU @ 3.80GHz,windows,8,1,00:19:17,,,
Intel(R) Core(TM) i5-7600K CPU @ 3.80GHz,windows,4,4,00:07:49,,,
Intel(R) Core(TM) i5-7600K CPU @ 3.80GHz,windows,8,4,00:06:38,,,
Intel(R) Xeon(R) Platinum 8380 CPU @ 2.30GHz,linux,4,1,00:22:57,00:24:00,,
Intel(R) Xeon(R) Platinum 8380 CPU @ 2.30GHz,linux,8,1,00:19:41,00:20:44,,
Intel(R) Xeon(R) Platinum 8380 CPU @ 2.30GHz,linux,4,4,00:09:32,00:33:30,,
Intel(R) Xeon(R) Platinum 8380 CPU @ 2.30GHz,linux,8,4,00:08:47,00:31:13,,
Intel(R) Xeon(R) Platinum 8380 CPU @ 2.30GHz,linux,8,8,00:05:38,00:37:39,,
Intel(R) Xeon(R) Platinum 8380 CPU @ 2.30GHz,linux,16,8,00:05:49,00:37:58,,
Intel(R) Xeon(R) Platinum 8380 CPU @ 2.30GHz,linux,16,16,00:06:13,01:29:57,,
Intel(R) Xeon(R) Platinum 8380 CPU @ 2.30GHz,linux,32,16,00:06:13,01:26:40,,
Intel(R) Xeon(R) Platinum 8380 CPU @ 2.30GHz,linux,16,32,00:22:54,06:09:51,,
Intel(R) Xeon(R) Platinum 8380 CPU @ 2.30GHz,linux,32,32,00:21:32,05:47:42,,
Intel(R) Xeon(R) Platinum 8380 CPU @ 2.30GHz,linux,64,32,00:22:45,06:10:40,,
Intel(R) Xeon(R) Platinum 8380 CPU @ 2.30GHz,linux,16,64,01:18:44,13:12:02,,
Intel(R) Xeon(R) Platinum 8380 CPU @ 2.30GHz,linux,64,64,01:15:03,12:39:40,,
Intel(R) Xeon(R) Platinum 8380 CPU @ 2.30GHz,linux,128,64,01:20:08,13:59:06,,
Intel(R) Xeon(R) Platinum 8380 CPU @ 2.30GHz,linux,16,128,11:12:29,44:21:05,,
Intel(R) Xeon(R) Platinum 8380 CPU @ 2.30GHz,linux,128,128,05:13:37,22:51:26,,
Intel(R) Xeon(R) Platinum 8380 CPU @ 2.30GHz,linux,4,1,00:23:01,00:24:04,,
Intel(R) Xeon(R) Platinum 8380 CPU @ 2.30GHz,linux,8,1,00:18:49,00:19:51,,
Intel(R) Xeon(R) Platinum 8380 CPU @ 2.30GHz,linux,4,4,00:09:42,00:33:56,,
Intel(R) Xeon(R) Platinum 8380 CPU @ 2.30GHz,linux,8,4,00:09:22,00:33:06,,
Intel(R) Xeon(R) Platinum 8380 CPU @ 2.30GHz,linux,8,8,00:05:40,00:37:27,,
Intel(R) Xeon(R) Platinum 8380 CPU @ 2.30GHz,linux,16,8,00:05:39,00:36:39,,
Intel(R) Xeon(R) Platinum 8380 CPU @ 2.30GHz,linux,16,16,00:06:39,01:33:22,,
Intel(R) Xeon(R) Platinum 8380 CPU @ 2.30GHz,linux,32,16,00:06:52,01:33:45,,
Intel(R) Xeon(R) Platinum 8380 CPU @ 2.30GHz,linux,16,32,00:23:25,06:13:52,,
Intel(R) Xeon(R) Platinum 8380 CPU @ 2.30GHz,linux,32,32,00:21:44,05:48:55,,
Intel(R) Xeon(R) Platinum 8380 CPU @ 2.30GHz,linux,64,32,00:22:04,05:57:04,,
Intel(R) Xeon(R) Platinum 8380 CPU @ 2.30GHz,linux,16,64,01:18:55,12:59:04,,
Intel(R) Xeon(R) Platinum 8380 CPU @ 2.30GHz,linux,64,64,01:28:04,12:56:44,,
Intel(R) Xeon(R) Platinum 8380 CPU @ 2.30GHz,linux,128,64,00:23:35,02:47:51,,
Intel(R) Xeon(R) Silver 4116 CPU @ 2.10GHz,linux,4,1,00:55:00,00:55:48,,
Intel(R) Xeon(R) Silver 4116 CPU @ 2.10GHz,linux,8,1,00:50:38,00:51:27,,
Intel(R) Xeon(R) Silver 4116 CPU @ 2.10GHz,linux,4,4,00:20:25,01:08:00,,
Intel(R) Xeon(R) Silver 4116 CPU @ 2.10GHz,linux,8,4,00:19:47,01:06:11,,
Intel(R) Xeon(R) Silver 4116 CPU @ 2.10GHz,linux,8,8,00:11:23,01:07:51,,
Intel(R) Xeon(R) Silver 4116 CPU @ 2.10GHz,linux,16,8,00:12:30,01:11:19,,
Intel(R) Xeon(R) Silver 4116 CPU @ 2.10GHz,linux,16,16,00:08:43,01:23:33,,
Intel(R) Xeon(R) Silver 4116 CPU @ 2.10GHz,linux,32,16,00:07:57,01:21:45,,
Intel(R) Xeon(R) Silver 4116 CPU @ 2.10GHz,linux,12,12,00:09:20,01:16:01,,
Intel(R) Xeon(R) Silver 4116 CPU @ 2.10GHz,linux,24,12,00:09:32,01:16:00,,
Intel(R) Xeon(R) Silver 4116 CPU @ 2.10GHz,linux,16,24,00:10:07,01:34:12,,
Intel(R) Xeon(R) Silver 4116 CPU @ 2.10GHz,linux,24,24,00:09:56,01:35:43,,
Intel(R) Xeon(R) Silver 4116 CPU @ 2.10GHz,linux,48,24,00:12:17,01:50:28,,
Intel(R) Xeon(R) Platinum 8360H CPU @ 3.00GHz,linux,16,128,00:41:52,06:08:04,,
Intel(R) Xeon(R) Platinum 8360H CPU @ 3.00GHz,linux,128,128,01:02:22,07:49:55,,
Intel(R) Xeon(R) Platinum 8360H CPU @ 3.00GHz,linux,256,128,01:21:00,09:47:41,,
Intel(R) Xeon(R) Platinum 8360H CPU @ 3.00GHz,linux,16,96,00:38:56,05:33:16,,
Intel(R) Xeon(R) Platinum 8360H CPU @ 3.00GHz,linux,96,96,00:39:11,05:05:32,,
Intel(R) Xeon(R) Platinum 8360H CPU @ 3.00GHz,linux,192,96,00:39:43,04:49:01,,
Intel(R) Xeon(R) Gold 6240R CPU @ 2.40GHz,linux,128,64,00:35:04,05:10:22,,
Intel(R) Xeon(R) Gold 6240R CPU @ 2.40GHz,linux,16,48,00:22:09,03:17:09,,
Intel(R) Xeon(R) Gold 6240R CPU @ 2.40GHz,linux,48,48,00:22:22,03:19:39,,
Intel(R) Xeon(R) Gold 6240R CPU @ 2.40GHz,linux,96,48,00:22:56,03:25:45,,
Intel(R) Xeon(R) Gold 6240R CPU @ 2.40GHz,linux,16,96,00:55:43,08:55:48,,
Intel(R) Xeon(R) Gold 6240R CPU @ 2.40GHz,linux,96,96,01:02:21,09:49:57,,
Intel(R) Xeon(R) Gold 6240R CPU @ 2.40GHz,linux,192,96,00:51:19,08:10:02,,
11th Gen Intel(R) Core(TM) i7-11800H @ 2.30GHz,windows,4,1,00:17:06,,,
11th Gen Intel(R) Core(TM) i7-11800H @ 2.30GHz,windows,8,1,00:14:04,,,
11th Gen Intel(R) Core(TM) i7-11800H @ 2.30GHz,windows,4,4,00:06:20,,,
11th Gen Intel(R) Core(TM) i7-11800H @ 2.30GHz,windows,8,4,00:05:09,,,
11th Gen Intel(R) Core(TM) i7-11800H @ 2.30GHz,windows,8,8,00:03:57,,,
Intel(R) Core(TM) i7-3960X CPU @ 3.30GHz,windows,4,1,00:41:13,,,
Intel(R) Core(TM) i7-3960X CPU @ 3.30GHz,windows,8,1,00:39:25,,,
Intel(R) Core(TM) i7-3960X CPU @ 3.30GHz,windows,4,4,00:13:45,,,
Intel(R) Core(TM) i7-3960X CPU @ 3.30GHz,windows,8,4,00:12:31,,,
Intel(R) Core(TM) i7-3960X CPU @ 3.30GHz,windows,8,8,00:06:58,,,
Intel(R) Core(TM) i7-3960X CPU @ 3.30GHz,windows,16,8,00:07:22,,,
Intel(R) Core(TM) i7-3960X CPU @ 3.30GHz,windows,6,6,00:06:59,,,
Intel(R) Core(TM) i7-3960X CPU @ 3.30GHz,windows,12,6,00:06:07,,,
Intel(R) Core(TM) i7-3960X CPU @ 3.30GHz,windows,12,12,00:06:04,,,
AMD Ryzen 9 5950X 16-Core Processor (OC),linux,4,1,00:13:50,00:14:00,,
AMD Ryzen 9 5950X 16-Core Processor (OC),linux,8,1,00:11:41,00:11:51,,
AMD Ryzen 9 5950X 16-Core Processor (OC),linux,4,4,00:04:23,00:14:59,,
AMD Ryzen 9 5950X 16-Core Processor (OC),linux,8,4,00:03:52,00:13:26,,
AMD Ryzen 9 5950X 16-Core Processor (OC),linux,8,8,00:02:19,00:15:19,,
AMD Ryzen 9 5950X 16-Core Processor (OC),linux,16,8,00:02:16,00:14:52,,
AMD Ryzen 9 5950X 16-Core Processor (OC),linux,16,16,00:02:05,00:24:59,,
AMD Ryzen 9 5950X 16-Core Processor (OC),linux,32,16,00:02:23,00:29:43,,
AMD Ryzen 9 5950X 16-Core Processor (OC),linux,16,32,00:03:36,00:42:27,,
AMD Ryzen 9 5950X 16-Core Processor (OC),linux,32,32,00:03:28,00:40:46,,
Intel(R) Core(TM) i7-8565U CPU @ 1.80GHz,linux,4,1,00:22:33,00:22:56,,
Intel(R) Core(TM) i7-8565U CPU @ 1.80GHz,linux,8,1,00:17:38,00:18:01,,
Intel(R) Core(TM) i7-8565U CPU @ 1.80GHz,linux,4,4,00:08:48,00:30:38,,
Intel(R) Core(TM) i7-8565U CPU @ 1.80GHz,linux,8,4,00:07:46,00:27:22,,
Intel(R) Core(TM) i7-8565U CPU @ 1.80GHz,linux,8,8,00:07:31,00:45:29,,
Intel(R) Core(TM) i7-8750H CPU @ 2.20GHz,linux,4,1,00:21:31,00:21:59,,
Intel(R) Core(TM) i7-8750H CPU @ 2.20GHz,linux,8,1,00:17:57,00:18:25,,
Intel(R) Core(TM) i7-8750H CPU @ 2.20GHz,linux,4,4,00:06:59,00:24:13,,
Intel(R) Core(TM) i7-8750H CPU @ 2.20GHz,linux,8,4,00:06:00,00:21:10,,
Intel(R) Core(TM) i7-8750H CPU @ 2.20GHz,linux,8,8,00:04:52,00:32:01,,
Intel(R) Core(TM) i7-8750H CPU @ 2.20GHz,linux,16,8,00:04:54,00:32:36,,
Intel(R) Core(TM) i7-8750H CPU @ 2.20GHz,linux,6,6,00:05:07,00:26:18,,
Intel(R) Core(TM) i7-8750H CPU @ 2.20GHz,linux,12,6,00:05:17,00:27:07,,
Intel(R) Core(TM) i7-8750H CPU @ 2.20GHz,linux,12,12,00:04:31,00:38:49,,
AMD Ryzen 5 2600 Six-Core Processor,windows,4,1,00:24:16,,,
AMD Ryzen 5 2600 Six-Core Processor,windows,8,1,00:20:14,,,
AMD Ryzen 5 2600 Six-Core Processor,windows,4,4,00:07:43,,,
AMD Ryzen 5 2600 Six-Core Processor,windows,8,4,00:06:48,,,
AMD Ryzen 5 2600 Six-Core Processor,windows,8,8,00:05:02,,,
AMD Ryzen 5 2600 Six-Core Processor,windows,6,6,00:05:49,,,
Intel(R) Core(TM) i7-3960X CPU @ 3.30GHz,windows,4,1,00:36:34,,,
Intel(R) Core(TM) i7-3960X CPU @ 3.30GHz,windows,8,1,00:37:44,,,
Intel(R) Core(TM) i7-3960X CPU @ 3.30GHz,windows,4,4,00:13:33,,,
Intel(R) Core(TM) i7-3960X CPU @ 3.30GHz,windows,8,4,00:11:56,,,
Intel(R) Core(TM) i5-6600K CPU @ 3.50GHz,windows,4,1,00:23:29,,,
Intel(R) Core(TM) i5-6600K CPU @ 3.50GHz,windows,8,1,00:19:11,,,
Intel(R) Core(TM) i5-6600K CPU @ 3.50GHz,windows,4,4,00:08:08,,,
Intel(R) Core(TM) i5-6600K CPU @ 3.50GHz,windows,8,4,00:07:45,,,
,,,,,,,
,,,,,,,
,,,,,,,
,,,,,,,
,,,,,,,
,,,,,,,
,,,,,,,
,,,,,,,
,,,,,,,
,,,,,,,
,,,,,,,
,,,,,,,
,,,,,,,
,,,,,,,
,,,,,,,
,,,,,,,
,,,,,,,
,,,,,,,
,,,,,,,
,,,,,,,
,,,,,,,
,,,,,,,
,,,,,,,
,,,,,,,
,,,,,,,
,,,,,,,
,,,,,,,
,,,,,,,
,,,,,,,
,,,,,,,
,,,,,,,
,,,,,,,
,,,,,,,
,,,,,,,
,,,,,,,
,,,,,,,
,,,,,,,
,,,,,,,
,,,,,,,
,,,,,,,
,,,,,,,
,,,,,,,
,,,,,,,
,,,,,,,
,,,,,,,
,,,,,,,
,,,,,,,
,,,,,,,
,,,,,,,
,,,,,,,
,,,,,,,
,,,,,,,
,,,,,,,
,,,,,,,
,,,,,,,
,,,,,,,
,,,,,,,
,,,,,,,
,,,,,,,
,,,,,,,
,,,,,,,
,,,,,,,
,,,,,,,
,,,,,,,
,,,,,,,
,,,,,,,
,,,,,,,
,,,,,,,
,,,,,,,
,,,,,,,
,,,,,,,
,,,,,,,
,,,,,,,
,,,,,,,
,,,,,,,
,,,,,,,
,,,,,,,
,,,,,,,
,,,,,,,
,,,,,,,
,,,,,,,
,,,,,,,
,,,,,,,
,,,,,,,
,,,,,,,
,,,,,,,
,,,,,,,
,,,,,,,
,,,,,,,
,,,,,,,
,,,,,,,
,,,,,,,
,,,,,,,
,,,,,,,
,,,,,,,
,,,,,,,
,,,,,,,
,,,,,,,
,,,,,,,
,,,,,,,
,,,,,,,
,,,,,,,
,,,,,,,
,,,,,,,
,,,,,,,
,,,,,,,
,,,,,,,
,,,,,,,
,,,,,,,
,,,,,,,
,,,,,,,
,,,,,,,
,,,,,,,
,,,,,,,
,,,,,,,
,,,,,,,
,,,,,,,
,,,,,,,
,,,,,,,
,,,,,,,
,,,,,,,
,,,,,,,
,,,,,,,
,,,,,,,
,,,,,,,
,,,,,,,
,,,,,,,
,,,,,,,
,,,,,,,
,,,,,,,
,,,,,,,
,,,,,,,
,,,,,,,
,,,,,,,
,,,,,,,
,,,,,,,
,,,,,,,
,,,,,,,
,,,,,,,
,,,,,,,
,,,,,,,
,,,,,,,
,,,,,,,
,,,,,,,
,,,,,,,
,,,,,,,
,,,,,,,
,,,,,,,
,,,,,,,
,,,,,,,
,,,,,,,
,,,,,,,
,,,,,,,
,,,,,,,
,,,,,,,
,,,,,,,
,,,,,,,
,,,,,,,
,,,,,,,
,,,,,,,
,,,,,,,
,,,,,,,
,,,,,,,
,,,,,,,
,,,,,,,
,,,,,,,
,,,,,,,
,,,,,,,
,,,,,,,
,,,,,,,
,,,,,,,
,,,,,,,
,,,,,,,
,,,,,,,
,,,,,,,
,,,,,,,
,,,,,,,
,,,,,,,
,,,,,,,
,,,,,,,
,,,,,,,
,,,,,,,
,,,,,,,
,,,,,,,
,,,,,,,
,,,,,,,
,,,,,,,
,,,,,,,
,,,,,,,
,,,,,,,
,,,,,,,
,,,,,,,
,,,,,,,
,,,,,,,
,,,,,,,
,,,,,,,
,,,,,,,
,,,,,,,
,,,,,,,
,,,,,,,
,,,,,,,
,,,,,,,
,,,,,,,
,,,,,,,
,,,,,,,
,,,,,,,
,,,,,,,
,,,,,,,
,,,,,,,
,,,,,,,
,,,,,,,
,,,,,,,
,,,,,,,
,,,,,,,
,,,,,,,
,,,,,,,
,,,,,,,
,,,,,,,
,,,,,,,
,,,,,,,
,,,,,,,
,,,,,,,
,,,,,,,
,,,,,,,
,,,,,,,
,,,,,,,
,,,,,,,
,,,,,,,
,,,,,,,
,,,,,,,
,,,,,,,
,,,,,,,
,,,,,,,
,,,,,,,
,,,,,,,
,,,,,,,
,,,,,,,
,,,,,,,
,,,,,,,
,,,,,,,
,,,,,,,
,,,,,,,
,,,,,,,
,,,,,,,
,,,,,,,
,,,,,,,
,,,,,,,
,,,,,,,
,,,,,,,
,,,,,,,
,,,,,,,
,,,,,,,
,,,,,,,
,,,,,,,
,,,,,,,
,,,,,,,
,,,,,,,
,,,,,,,
,,,,,,,
,,,,,,,
,,,,,,,
,,,,,,,
,,,,,,,
,,,,,,,
,,,,,,,
,,,,,,,
,,,,,,,
,,,,,,,
,,,,,,,
,,,,,,,
,,,,,,,
,,,,,,,
,,,,,,, 